#,Nom,Début
2025-37,HAA Kolda,09/09/2025
2025-35,MPP,04/08/2025
2025-34,Stock ShiftClimat,18/07/2025
2025-33,Hamap-LoulyNgogom,01/09/2025
2025-32,Villa Maha,18/07/2025
2025-31,MIFA INN,16/07/2025
2025-30,Senoutil,30/06/2025
2025-29,Etudes Mbacke,
2025-27,Etudes Ville Verte SAU,
2025-24,Structure - matériel,18/01/2025
2025-22,Maintenance,13/01/2025
2025-21,Transports - Multi-projets,09/01/2025
2024-9,Enabel - ANA+GIH,12/06/2024
2024-7,Villa Bathily,24/04/2024
2024-6,APSE MAC 2,25/04/2020
2024-4,Structure,02/10/2014
2024-3,RD,15/11/2012
2024-20,STEP Rosso,31/12/2024
2024-2,IVOS STEP,25/02/2019
2024-19,Gandon,31/12/2024
2024-17,SAF - phase 1,22/10/2024
2024-16,Nebeday Sindia,14/10/2014
2024-15,Villa Neyra,11/10/2024
2024-14,GRET - ROSS BETHIO,27/11/2020
2024-13,CCS Petit Mbao,04/10/2020
2024-12,GC Sagemcom,11/07/2024
2024-10,Divers - Non classé,27/06/2024
2024-1,CTD KABROUSSE,05/06/2019